date,end_date,intermeeting,action,size_bp,target,target_lower,target_upper,dissents,dissent_names,chair,statement_url,notes
1994-02-04,1994-02-04,False,hike,25,3.25,,,,,Greenspan,https://www.federalreserve.gov/fomc/19940204default.htm,
1994-03-22,1994-03-22,False,hike,25,3.5,,,,,Greenspan,https://www.federalreserve.gov/fomc/19940322default.htm,
1994-04-18,1994-04-18,True,hike,25,3.75,,,,,Greenspan,https://www.federalreserve.gov/fomc/19940418default.htm,
1994-05-17,1994-05-17,False,hike,50,4.25,,,,,Greenspan,https://www.federalreserve.gov/fomc/19940517default.htm,
1994-07-06,1994-07-06,False,hold,0,4.25,,,,,Greenspan,,
1994-08-16,1994-08-16,False,hike,50,4.75,,,,,Greenspan,https://www.federalreserve.gov/fomc/19940816default.htm,
1994-09-27,1994-09-27,False,hold,0,4.75,,,,,Greenspan,,
1994-11-15,1994-11-15,False,hike,75,5.5,,,,,Greenspan,https://www.federalreserve.gov/fomc/19941115default.htm,
1994-12-20,1994-12-20,False,hold,0,5.5,,,,,Greenspan,,
1995-02-01,1995-02-01,False,hike,50,6.0,,,,,Greenspan,https://www.federalreserve.gov/fomc/19950201default.htm,
1995-03-28,1995-03-28,False,hold,0,6.0,,,,,Greenspan,,
1995-05-23,1995-05-23,False,hold,0,6.0,,,,,Greenspan,,
1995-07-06,1995-07-06,False,cut,-25,5.75,,,,,Greenspan,https://www.federalreserve.gov/fomc/19950706default.htm,
1995-08-22,1995-08-22,False,hold,0,5.75,,,,,Greenspan,,
1995-09-26,1995-09-26,False,hold,0,5.75,,,,,Greenspan,,
1995-11-15,1995-11-15,False,hold,0,5.75,,,,,Greenspan,,
1995-12-19,1995-12-19,False,cut,-25,5.5,,,,,Greenspan,https://www.federalreserve.gov/fomc/19951219default.htm,
1996-01-31,1996-01-31,False,cut,-25,5.25,,,,,Greenspan,https://www.federalreserve.gov/fomc/19960131DEFAULT.htm,
1996-03-26,1996-03-26,False,hold,0,5.25,,,,,Greenspan,,
1996-05-21,1996-05-21,False,hold,0,5.25,,,,,Greenspan,,
1996-07-03,1996-07-03,False,hold,0,5.25,,,,,Greenspan,,
1996-08-20,1996-08-20,False,hold,0,5.25,,,,,Greenspan,,
1996-09-24,1996-09-24,False,hold,0,5.25,,,,,Greenspan,,
1996-11-13,1996-11-13,False,hold,0,5.25,,,,,Greenspan,,
1996-12-17,1996-12-17,False,hold,0,5.25,,,,,Greenspan,,
1997-02-05,1997-02-05,False,hold,0,5.25,,,,,Greenspan,,
1997-03-25,1997-03-25,False,hike,25,5.5,,,,,Greenspan,https://www.federalreserve.gov/boarddocs/press/general/1997/19970325/,
1997-05-20,1997-05-20,False,hold,0,5.5,,,,,Greenspan,,
1997-07-02,1997-07-02,False,hold,0,5.5,,,,,Greenspan,,
1997-08-19,1997-08-19,False,hold,0,5.5,,,,,Greenspan,,
1997-09-30,1997-09-30,False,hold,0,5.5,,,,,Greenspan,,
1997-11-12,1997-11-12,False,hold,0,5.5,,,,,Greenspan,,
1997-12-16,1997-12-16,False,hold,0,5.5,,,,,Greenspan,,
1998-02-04,1998-02-04,False,hold,0,5.5,,,,,Greenspan,,
1998-03-31,1998-03-31,False,hold,0,5.5,,,,,Greenspan,,
1998-05-19,1998-05-19,False,hold,0,5.5,,,,,Greenspan,,
1998-07-01,1998-07-01,False,hold,0,5.5,,,,,Greenspan,,
1998-08-18,1998-08-18,False,hold,0,5.5,,,,,Greenspan,,
1998-09-29,1998-09-29,False,cut,-25,5.25,,,,,Greenspan,https://www.federalreserve.gov/boarddocs/press/general/1998/19980929/,
1998-10-15,1998-10-15,True,cut,-25,5.0,,,,,Greenspan,https://www.federalreserve.gov/boarddocs/press/general/1998/19981015/,
1998-11-17,1998-11-17,False,cut,-25,4.75,,,,,Greenspan,https://www.federalreserve.gov/boarddocs/press/general/1998/19981117/,
1998-12-22,1998-12-22,False,hold,0,4.75,,,,,Greenspan,,
1999-02-03,1999-02-03,False,hold,0,4.75,,,,,Greenspan,,
1999-03-30,1999-03-30,False,hold,0,4.75,,,,,Greenspan,,
1999-05-18,1999-05-18,False,hold,0,4.75,,,,,Greenspan,https://www.federalreserve.gov/boarddocs/press/general/1999/19990518/,
1999-06-30,1999-06-30,False,hike,25,5.0,,,,,Greenspan,https://www.federalreserve.gov/boarddocs/press/general/1999/19990630/,
1999-08-24,1999-08-24,False,hike,25,5.25,,,,,Greenspan,https://www.federalreserve.gov/boarddocs/press/general/1999/19990824/,
1999-10-05,1999-10-05,False,hold,0,5.25,,,,,Greenspan,https://www.federalreserve.gov/boarddocs/press/general/1999/19991005/,
1999-11-16,1999-11-16,False,hike,25,5.5,,,,,Greenspan,https://www.federalreserve.gov/boarddocs/press/general/1999/19991116/,
1999-12-21,1999-12-21,False,hold,0,5.5,,,,,Greenspan,https://www.federalreserve.gov/boarddocs/press/general/1999/19991221/,
2000-02-02,2000-02-02,False,hike,25,5.75,,,,,Greenspan,https://www.federalreserve.gov/boarddocs/press/general/2000/20000202/,
2000-03-21,2000-03-21,False,hike,25,6.0,,,,,Greenspan,https://www.federalreserve.gov/boarddocs/press/general/2000/20000321/,
2000-05-16,2000-05-16,False,hike,50,6.5,,,,,Greenspan,https://www.federalreserve.gov/boarddocs/press/general/2000/20000516/,
2000-06-28,2000-06-28,False,hold,0,6.5,,,,,Greenspan,https://www.federalreserve.gov/boarddocs/press/general/2000/20000628/,
2000-08-22,2000-08-22,False,hold,0,6.5,,,,,Greenspan,https://www.federalreserve.gov/boarddocs/press/general/2000/20000822/,
2000-10-03,2000-10-03,False,hold,0,6.5,,,,,Greenspan,https://www.federalreserve.gov/boarddocs/press/general/2000/20001003/,
2000-11-15,2000-11-15,False,hold,0,6.5,,,,,Greenspan,https://www.federalreserve.gov/boarddocs/press/general/2000/20001115/,
2000-12-19,2000-12-19,False,hold,0,6.5,,,,,Greenspan,https://www.federalreserve.gov/boarddocs/press/general/2000/20001219/,
2001-01-03,2001-01-03,True,cut,-50,6.0,,,,,Greenspan,https://www.federalreserve.gov/boarddocs/press/general/2001/20010103/,
2001-01-31,2001-01-31,False,cut,-50,5.5,,,,,Greenspan,https://www.federalreserve.gov/boarddocs/press/general/2001/20010131/,
2001-03-20,2001-03-20,False,cut,-50,5.0,,,,,Greenspan,https://www.federalreserve.gov/boarddocs/press/general/2001/20010320/,
2001-04-18,2001-04-18,True,cut,-50,4.5,,,,,Greenspan,https://www.federalreserve.gov/boarddocs/press/general/2001/20010418/,
2001-05-15,2001-05-15,False,cut,-50,4.0,,,,,Greenspan,https://www.federalreserve.gov/boarddocs/press/general/2001/20010515/,
2001-06-27,2001-06-27,False,cut,-25,3.75,,,,,Greenspan,https://www.federalreserve.gov/boarddocs/press/general/2001/20010627/,
2001-08-21,2001-08-21,False,cut,-25,3.5,,,,,Greenspan,https://www.federalreserve.gov/boarddocs/press/general/2001/20010821/,
2001-09-17,2001-09-17,True,cut,-50,3.0,,,,,Greenspan,https://www.federalreserve.gov/boarddocs/press/general/2001/20010917/,
2001-10-02,2001-10-02,False,cut,-50,2.5,,,,,Greenspan,https://www.federalreserve.gov/boarddocs/press/general/2001/20011002/,
2001-11-06,2001-11-06,False,cut,-50,2.0,,,,,Greenspan,https://www.federalreserve.gov/boarddocs/press/general/2001/20011106/,
2001-12-11,2001-12-11,False,cut,-25,1.75,,,,,Greenspan,https://www.federalreserve.gov/boarddocs/press/general/2001/20011211/,
2002-01-30,2002-01-30,False,hold,0,1.75,,,,,Greenspan,https://www.federalreserve.gov/boarddocs/press/general/2002/20020130/,
2002-03-19,2002-03-19,False,hold,0,1.75,,,0,,Greenspan,https://www.federalreserve.gov/boarddocs/press/general/2002/20020319/,
2002-05-07,2002-05-07,False,hold,0,1.75,,,0,,Greenspan,https://www.federalreserve.gov/boarddocs/press/monetary/2002/20020507/,
2002-06-26,2002-06-26,False,hold,0,1.75,,,0,,Greenspan,https://www.federalreserve.gov/boarddocs/press/monetary/2002/20020626/,
2002-08-13,2002-08-13,False,hold,0,1.75,,,0,,Greenspan,https://www.federalreserve.gov/boarddocs/press/monetary/2002/20020813/,
2002-09-24,2002-09-24,False,hold,0,1.75,,,2,Edward M. Gramlich;Robert D. McTeer Jr,Greenspan,https://www.federalreserve.gov/boarddocs/press/monetary/2002/20020924/,
2002-11-06,2002-11-06,False,cut,-50,1.25,,,0,,Greenspan,https://www.federalreserve.gov/boarddocs/press/monetary/2002/20021106/,
2002-12-10,2002-12-10,False,hold,0,1.25,,,0,,Greenspan,https://www.federalreserve.gov/boarddocs/press/monetary/2002/20021210/,
2003-01-29,2003-01-29,False,hold,0,1.25,,,0,,Greenspan,https://www.federalreserve.gov/boarddocs/press/monetary/2003/20030129/default.htm,
2003-03-18,2003-03-18,False,hold,0,1.25,,,0,,Greenspan,https://www.federalreserve.gov/boarddocs/press/monetary/2003/20030318/default.htm,
2003-05-06,2003-05-06,False,hold,0,1.25,,,0,,Greenspan,https://www.federalreserve.gov/boarddocs/press/monetary/2003/20030506/default.htm,
2003-06-25,2003-06-25,False,cut,-25,1.0,,,1,Robert T. Parry,Greenspan,https://www.federalreserve.gov/boarddocs/press/monetary/2003/20030625/default.htm,
2003-08-12,2003-08-12,False,hold,0,1.0,,,0,,Greenspan,https://www.federalreserve.gov/boarddocs/press/monetary/2003/20030812/default.htm,
2003-09-16,2003-09-16,False,hold,0,1.0,,,0,,Greenspan,https://www.federalreserve.gov/boarddocs/press/monetary/2003/20030916/default.htm,
2003-10-28,2003-10-28,False,hold,0,1.0,,,0,,Greenspan,https://www.federalreserve.gov/boarddocs/press/monetary/2003/20031028/default.htm,
2003-12-09,2003-12-09,False,hold,0,1.0,,,0,,Greenspan,https://www.federalreserve.gov/boarddocs/press/monetary/2003/20031209/default.htm,
2004-01-28,2004-01-28,False,hold,0,1.0,,,0,,Greenspan,https://www.federalreserve.gov/boarddocs/press/monetary/2004/20040128/default.htm,
2004-03-16,2004-03-16,False,hold,0,1.0,,,0,,Greenspan,https://www.federalreserve.gov/boarddocs/press/monetary/2004/20040316/default.htm,
2004-05-04,2004-05-04,False,hold,0,1.0,,,0,,Greenspan,https://www.federalreserve.gov/boarddocs/press/monetary/2004/20040504/default.htm,
2004-06-30,2004-06-30,False,hike,25,1.25,,,0,,Greenspan,https://www.federalreserve.gov/boarddocs/press/monetary/2004/20040630/default.htm,
2004-08-10,2004-08-10,False,hike,25,1.5,,,0,,Greenspan,https://www.federalreserve.gov/boarddocs/press/monetary/2004/20040810/default.htm,
2004-09-21,2004-09-21,False,hike,25,1.75,,,0,,Greenspan,https://www.federalreserve.gov/boarddocs/press/monetary/2004/20040921/default.htm,
2004-11-10,2004-11-10,False,hike,25,2.0,,,0,,Greenspan,https://www.federalreserve.gov/boarddocs/press/monetary/2004/20041110/default.htm,
2004-12-14,2004-12-14,False,hike,25,2.25,,,0,,Greenspan,https://www.federalreserve.gov/boarddocs/press/monetary/2004/20041214/default.htm,
2005-02-02,2005-02-02,False,hike,25,2.5,,,0,,Greenspan,https://www.federalreserve.gov/boarddocs/press/monetary/2005/20050202/default.htm,
2005-03-22,2005-03-22,False,hike,25,2.75,,,0,,Greenspan,https://www.federalreserve.gov/boarddocs/press/monetary/2005/20050322/default.htm,
2005-05-03,2005-05-03,False,hike,25,3.0,,,0,,Greenspan,https://www.federalreserve.gov/boarddocs/press/monetary/2005/20050503/default.htm,
2005-06-30,2005-06-30,False,hike,25,3.25,,,0,,Greenspan,https://www.federalreserve.gov/boarddocs/press/monetary/2005/20050630/default.htm,
2005-08-09,2005-08-09,False,hike,25,3.5,,,0,,Greenspan,https://www.federalreserve.gov/boarddocs/press/monetary/2005/20050809/default.htm,
2005-09-20,2005-09-20,False,hike,25,3.75,,,1,Mark W. Olson,Greenspan,https://www.federalreserve.gov/boarddocs/press/monetary/2005/20050920/,
2005-11-01,2005-11-01,False,hike,25,4.0,,,0,,Greenspan,https://www.federalreserve.gov/boarddocs/press/monetary/2005/20051101/,
2005-12-13,2005-12-13,False,hike,25,4.25,,,0,,Greenspan,https://www.federalreserve.gov/boarddocs/press/monetary/2005/20051213/,
2006-01-31,2006-01-31,False,hike,25,4.5,,,0,,Greenspan,https://www.federalreserve.gov/newsevents/press/monetary/20060131a.htm,
2006-03-28,2006-03-28,False,hike,25,4.75,,,0,,Bernanke,https://www.federalreserve.gov/newsevents/press/monetary/20060328a.htm,
2006-05-10,2006-05-10,False,hike,25,5.0,,,0,,Bernanke,https://www.federalreserve.gov/newsevents/press/monetary/20060510a.htm,
2006-06-29,2006-06-29,False,hike,25,5.25,,,0,,Bernanke,https://www.federalreserve.gov/newsevents/press/monetary/20060629a.htm,
2006-08-08,2006-08-08,False,hold,0,5.25,,,1,Jeffrey M. Lacker,Bernanke,https://www.federalreserve.gov/newsevents/press/monetary/20060808a.htm,
2006-09-20,2006-09-20,False,hold,0,5.25,,,1,Jeffrey M. Lacker,Bernanke,https://www.federalreserve.gov/newsevents/press/monetary/20060920a.htm,
2006-10-25,2006-10-25,False,hold,0,5.25,,,1,Jeffrey M. Lacker,Bernanke,https://www.federalreserve.gov/newsevents/press/monetary/20061025a.htm,
2006-12-12,2006-12-12,False,hold,0,5.25,,,1,Jeffrey M. Lacker,Bernanke,https://www.federalreserve.gov/newsevents/press/monetary/20061212a.htm,
2007-01-31,2007-01-31,False,hold,0,5.25,,,0,,Bernanke,https://www.federalreserve.gov/newsevents/press/monetary/20070131a.htm,
2007-03-21,2007-03-21,False,hold,0,5.25,,,0,,Bernanke,https://www.federalreserve.gov/newsevents/press/monetary/20070321a.htm,
2007-05-09,2007-05-09,False,hold,0,5.25,,,0,,Bernanke,https://www.federalreserve.gov/newsevents/press/monetary/20070509a.htm,
2007-06-18,2007-06-18,False,hold,0,5.25,,,0,,Bernanke,https://www.federalreserve.gov/newsevents/press/monetary/20070618a.htm,
2007-08-07,2007-08-07,False,hold,0,5.25,,,0,,Bernanke,https://www.federalreserve.gov/newsevents/press/monetary/20070807a.htm,
2007-08-17,2007-08-17,True,hold,0,5.25,,,0,,Bernanke,https://www.federalreserve.gov/newsevents/press/monetary/20070817b.htm,Intermeeting: discount rate cut 50bp; funds target unchanged at 5.25%
2007-09-18,2007-09-18,False,cut,-50,4.75,,,0,,Bernanke,https://www.federalreserve.gov/newsevents/press/monetary/20070918a.htm,
2007-10-31,2007-10-31,False,cut,-25,4.5,,,1,Thomas M. Hoenig,Bernanke,https://www.federalreserve.gov/newsevents/press/monetary/20071031a.htm,
2007-12-11,2007-12-11,False,cut,-25,4.25,,,1,Eric S. Rosengren,Bernanke,https://www.federalreserve.gov/newsevents/press/monetary/20071211a.htm,
2008-01-22,2008-01-22,True,cut,-75,3.5,,,1,William Poole,Bernanke,https://www.federalreserve.gov/newsevents/press/monetary/20080122b.htm,
2008-01-30,2008-01-30,False,cut,-50,3.0,,,1,Richard W. Fisher,Bernanke,https://www.federalreserve.gov/newsevents/press/monetary/20080130a.htm,
2008-03-18,2008-03-18,False,cut,-75,2.25,,,2,Richard W. Fisher;Charles I. Plosser,Bernanke,https://www.federalreserve.gov/newsevents/press/monetary/20080318a.htm,
2008-04-30,2008-04-30,False,cut,-25,2.0,,,2,Richard W. Fisher;Charles I. Plosser,Bernanke,https://www.federalreserve.gov/newsevents/press/monetary/20080430a.htm,
2008-06-25,2008-06-25,False,hold,0,2.0,,,1,Richard W. Fisher,Bernanke,https://www.federalreserve.gov/newsevents/press/monetary/20080625a.htm,
2008-08-05,2008-08-05,False,hold,0,2.0,,,1,Richard W. Fisher,Bernanke,https://www.federalreserve.gov/newsevents/press/monetary/20080805a.htm,
2008-09-16,2008-09-16,False,hold,0,2.0,,,0,,Bernanke,https://www.federalreserve.gov/newsevents/press/monetary/20080916a.htm,
2008-10-08,2008-10-08,True,cut,-50,1.5,,,0,,Bernanke,https://www.federalreserve.gov/newsevents/press/monetary/20081008a.htm,
2008-10-29,2008-10-29,False,cut,-50,1.0,,,0,,Bernanke,https://www.federalreserve.gov/newsevents/press/monetary/20081029a.htm,
2008-12-16,2008-12-16,False,cut,-88,,0.0,0.25,0,,Bernanke,https://www.federalreserve.gov/newsevents/press/monetary/20081216b.htm,"Midpoint move -87.5bp, recorded as -88bp"
2009-01-28,2009-01-28,False,hold,0,,0.0,0.25,1,Jeffrey M. Lacker,Bernanke,https://www.federalreserve.gov/newsevents/press/monetary/20090128a.htm,
2009-03-18,2009-03-18,False,hold,0,,0.0,0.25,0,,Bernanke,https://www.federalreserve.gov/newsevents/press/monetary/20090318a.htm,
2009-04-29,2009-04-29,False,hold,0,,0.0,0.25,0,,Bernanke,https://www.federalreserve.gov/newsevents/press/monetary/20090429a.htm,
2009-06-24,2009-06-24,False,hold,0,,0.0,0.25,0,,Bernanke,https://www.federalreserve.gov/newsevents/press/monetary/20090624a.htm,
2009-08-12,2009-08-12,False,hold,0,,0.0,0.25,0,,Bernanke,https://www.federalreserve.gov/newsevents/press/monetary/20090812a.htm,
2009-09-23,2009-09-23,False,hold,0,,0.0,0.25,0,,Bernanke,https://www.federalreserve.gov/newsevents/press/monetary/20090923a.htm,
2009-11-04,2009-11-04,False,hold,0,,0.0,0.25,0,,Bernanke,https://www.federalreserve.gov/newsevents/press/monetary/20091104a.htm,
2009-12-16,2009-12-16,False,hold,0,,0.0,0.25,0,,Bernanke,https://www.federalreserve.gov/newsevents/press/monetary/20091216a.htm,
2010-01-27,2010-01-27,False,hold,0,,0.0,0.25,1,Thomas M. Hoenig,Bernanke,https://www.federalreserve.gov/newsevents/press/monetary/20100127a.htm,
2010-03-16,2010-03-16,False,hold,0,,0.0,0.25,1,Thomas M. Hoenig,Bernanke,https://www.federalreserve.gov/newsevents/press/monetary/20100316a.htm,
2010-04-28,2010-04-28,False,hold,0,,0.0,0.25,1,Thomas M. Hoenig,Bernanke,https://www.federalreserve.gov/newsevents/press/monetary/20100428a.htm,
2010-06-23,2010-06-23,False,hold,0,,0.0,0.25,1,Thomas M. Hoenig,Bernanke,https://www.federalreserve.gov/newsevents/press/monetary/20100623a.htm,
2010-08-10,2010-08-10,False,hold,0,,0.0,0.25,1,Thomas M. Hoenig,Bernanke,https://www.federalreserve.gov/newsevents/press/monetary/20100810a.htm,
2010-09-21,2010-09-21,False,hold,0,,0.0,0.25,1,Thomas M. Hoenig,Bernanke,https://www.federalreserve.gov/newsevents/press/monetary/20100921a.htm,
2010-11-03,2010-11-03,False,hold,0,,0.0,0.25,1,Thomas M. Hoenig,Bernanke,https://www.federalreserve.gov/newsevents/press/monetary/20101103a.htm,
2010-12-14,2010-12-14,False,hold,0,,0.0,0.25,1,Thomas M. Hoenig,Bernanke,https://www.federalreserve.gov/newsevents/press/monetary/20101214a.htm,
2011-01-26,2011-01-26,False,hold,0,,0.0,0.25,0,,Bernanke,https://www.federalreserve.gov/newsevents/pressreleases/monetary20110126a.htm,
2011-03-15,2011-03-15,False,hold,0,,0.0,0.25,0,,Bernanke,https://www.federalreserve.gov/newsevents/pressreleases/monetary20110315a.htm,
2011-04-27,2011-04-27,False,hold,0,,0.0,0.25,0,,Bernanke,https://www.federalreserve.gov/newsevents/pressreleases/monetary20110427a.htm,
2011-06-22,2011-06-22,False,hold,0,,0.0,0.25,0,,Bernanke,https://www.federalreserve.gov/newsevents/pressreleases/monetary20110622a.htm,
2011-08-09,2011-08-09,False,hold,0,,0.0,0.25,3,Richard W. Fisher;Narayana Kocherlakota;Charles I. Plosser,Bernanke,https://www.federalreserve.gov/newsevents/pressreleases/monetary20110809a.htm,
2011-09-21,2011-09-21,False,hold,0,,0.0,0.25,3,Richard W. Fisher;Narayana Kocherlakota;Charles I. Plosser,Bernanke,https://www.federalreserve.gov/newsevents/pressreleases/monetary20110921a.htm,
2011-11-02,2011-11-02,False,hold,0,,0.0,0.25,1,Charles L. Evans,Bernanke,https://www.federalreserve.gov/newsevents/pressreleases/monetary20111102a.htm,
2011-12-13,2011-12-13,False,hold,0,,0.0,0.25,1,Charles L. Evans,Bernanke,https://www.federalreserve.gov/newsevents/pressreleases/monetary20111213a.htm,
2012-01-25,2012-01-25,False,hold,0,,0.0,0.25,1,Jeffrey M. Lacker,Bernanke,https://www.federalreserve.gov/newsevents/pressreleases/monetary20120125a.htm,
2012-03-13,2012-03-13,False,hold,0,,0.0,0.25,1,Jeffrey M. Lacker,Bernanke,https://www.federalreserve.gov/newsevents/pressreleases/monetary20120313a.htm,
2012-04-25,2012-04-25,False,hold,0,,0.0,0.25,1,Jeffrey M. Lacker,Bernanke,https://www.federalreserve.gov/newsevents/pressreleases/monetary20120425a.htm,
2012-06-20,2012-06-20,False,hold,0,,0.0,0.25,1,Jeffrey M. Lacker,Bernanke,https://www.federalreserve.gov/newsevents/pressreleases/monetary20120620a.htm,
2012-08-01,2012-08-01,False,hold,0,,0.0,0.25,1,Jeffrey M. Lacker,Bernanke,https://www.federalreserve.gov/newsevents/pressreleases/monetary20120801a.htm,
2012-09-13,2012-09-13,False,hold,0,,0.0,0.25,1,Jeffrey M. Lacker,Bernanke,https://www.federalreserve.gov/newsevents/pressreleases/monetary20120913a.htm,
2012-10-24,2012-10-24,False,hold,0,,0.0,0.25,1,Jeffrey M. Lacker,Bernanke,https://www.federalreserve.gov/newsevents/pressreleases/monetary20121024a.htm,
2012-12-12,2012-12-12,False,hold,0,,0.0,0.25,1,Jeffrey M. Lacker,Bernanke,https://www.federalreserve.gov/newsevents/pressreleases/monetary20121212a.htm,
2013-01-30,2013-01-30,False,hold,0,,0.0,0.25,1,Esther L. George,Bernanke,https://www.federalreserve.gov/newsevents/pressreleases/monetary20130130a.htm,
2013-03-20,2013-03-20,False,hold,0,,0.0,0.25,1,Esther L. George,Bernanke,https://www.federalreserve.gov/newsevents/pressreleases/monetary20130320a.htm,
2013-05-01,2013-05-01,False,hold,0,,0.0,0.25,1,Esther L. George,Bernanke,https://www.federalreserve.gov/newsevents/pressreleases/monetary20130501a.htm,
2013-06-19,2013-06-19,False,hold,0,,0.0,0.25,2,James Bullard;Esther L. George,Bernanke,https://www.federalreserve.gov/newsevents/pressreleases/monetary20130619a.htm,
2013-07-31,2013-07-31,False,hold,0,,0.0,0.25,1,Esther L. George,Bernanke,https://www.federalreserve.gov/newsevents/pressreleases/monetary20130731a.htm,
2013-09-18,2013-09-18,False,hold,0,,0.0,0.25,1,Esther L. George,Bernanke,https://www.federalreserve.gov/newsevents/pressreleases/monetary20130918a.htm,
2013-10-30,2013-10-30,False,hold,0,,0.0,0.25,1,Esther L. George,Bernanke,https://www.federalreserve.gov/newsevents/pressreleases/monetary20131030a.htm,
2013-12-18,2013-12-18,False,hold,0,,0.0,0.25,1,Eric S. Rosengren,Bernanke,https://www.federalreserve.gov/newsevents/pressreleases/monetary20131218a.htm,
2014-01-29,2014-01-29,False,hold,0,,0.0,0.25,0,,Bernanke,https://www.federalreserve.gov/newsevents/pressreleases/monetary20140129a.htm,
2014-03-19,2014-03-19,False,hold,0,,0.0,0.25,1,Narayana Kocherlakota,Yellen,https://www.federalreserve.gov/newsevents/pressreleases/monetary20140319a.htm,
2014-04-30,2014-04-30,False,hold,0,,0.0,0.25,0,,Yellen,https://www.federalreserve.gov/newsevents/pressreleases/monetary20140430a.htm,
2014-06-18,2014-06-18,False,hold,0,,0.0,0.25,0,,Yellen,https://www.federalreserve.gov/newsevents/pressreleases/monetary20140618a.htm,
2014-07-30,2014-07-30,False,hold,0,,0.0,0.25,1,Charles I. Plosser,Yellen,https://www.federalreserve.gov/newsevents/pressreleases/monetary20140730a.htm,
2014-09-17,2014-09-17,False,hold,0,,0.0,0.25,2,Richard W. Fisher;Charles I. Plosser,Yellen,https://www.federalreserve.gov/newsevents/pressreleases/monetary20140917a.htm,
2014-10-29,2014-10-29,False,hold,0,,0.0,0.25,1,Narayana Kocherlakota,Yellen,https://www.federalreserve.gov/newsevents/pressreleases/monetary20141029a.htm,
2014-12-17,2014-12-17,False,hold,0,,0.0,0.25,2,Richard W. Fisher;Charles I. Plosser,Yellen,https://www.federalreserve.gov/newsevents/pressreleases/monetary20141217a.htm,
2015-01-28,2015-01-28,False,hold,0,,0.0,0.25,0,,Yellen,https://www.federalreserve.gov/newsevents/pressreleases/monetary20150128a.htm,
2015-03-18,2015-03-18,False,hold,0,,0.0,0.25,0,,Yellen,https://www.federalreserve.gov/newsevents/pressreleases/monetary20150318a.htm,
2015-04-29,2015-04-29,False,hold,0,,0.0,0.25,0,,Yellen,https://www.federalreserve.gov/newsevents/pressreleases/monetary20150429a.htm,
2015-06-17,2015-06-17,False,hold,0,,0.0,0.25,0,,Yellen,https://www.federalreserve.gov/newsevents/pressreleases/monetary20150617a.htm,
2015-07-29,2015-07-29,False,hold,0,,0.0,0.25,0,,Yellen,https://www.federalreserve.gov/newsevents/pressreleases/monetary20150729a.htm,
2015-09-17,2015-09-17,False,hold,0,,0.0,0.25,1,Jeffrey M. Lacker,Yellen,https://www.federalreserve.gov/newsevents/pressreleases/monetary20150917a.htm,
2015-10-28,2015-10-28,False,hold,0,,0.0,0.25,1,Jeffrey M. Lacker,Yellen,https://www.federalreserve.gov/newsevents/pressreleases/monetary20151028a.htm,
2015-12-16,2015-12-16,False,hike,25,,0.25,0.5,0,,Yellen,https://www.federalreserve.gov/newsevents/pressreleases/monetary20151216a.htm,
2016-01-27,2016-01-27,False,hold,0,,0.25,0.5,0,,Yellen,https://www.federalreserve.gov/newsevents/pressreleases/monetary20160127a.htm,
2016-03-16,2016-03-16,False,hold,0,,0.25,0.5,1,Esther L. George,Yellen,https://www.federalreserve.gov/newsevents/pressreleases/monetary20160316a.htm,
2016-04-27,2016-04-27,False,hold,0,,0.25,0.5,1,Esther L. George,Yellen,https://www.federalreserve.gov/newsevents/pressreleases/monetary20160427a.htm,
2016-06-15,2016-06-15,False,hold,0,,0.25,0.5,0,,Yellen,https://www.federalreserve.gov/newsevents/pressreleases/monetary20160615a.htm,
2016-07-27,2016-07-27,False,hold,0,,0.25,0.5,1,Esther L. George,Yellen,https://www.federalreserve.gov/newsevents/pressreleases/monetary20160727a.htm,
2016-09-21,2016-09-21,False,hold,0,,0.25,0.5,3,Esther L. George;Loretta J. Mester;Eric Rosengren,Yellen,https://www.federalreserve.gov/newsevents/pressreleases/monetary20160921a.htm,
2016-11-02,2016-11-02,False,hold,0,,0.25,0.5,2,Esther L. George;Loretta J. Mester,Yellen,https://www.federalreserve.gov/newsevents/pressreleases/monetary20161102a.htm,
2016-12-14,2016-12-14,False,hike,25,,0.5,0.75,0,,Yellen,https://www.federalreserve.gov/newsevents/pressreleases/monetary20161214a.htm,
2017-02-01,2017-02-01,False,hold,0,,0.5,0.75,0,,Yellen,https://www.federalreserve.gov/newsevents/pressreleases/monetary20170201a.htm,
2017-03-15,2017-03-15,False,hike,25,,0.75,1.0,1,Neel Kashkari,Yellen,https://www.federalreserve.gov/newsevents/pressreleases/monetary20170315a.htm,
2017-05-03,2017-05-03,False,hold,0,,0.75,1.0,0,,Yellen,https://www.federalreserve.gov/newsevents/pressreleases/monetary20170503a.htm,
2017-06-14,2017-06-14,False,hike,25,,1.0,1.25,1,Neel Kashkari,Yellen,https://www.federalreserve.gov/newsevents/pressreleases/monetary20170614a.htm,
2017-07-26,2017-07-26,False,hold,0,,1.0,1.25,0,,Yellen,https://www.federalreserve.gov/newsevents/pressreleases/monetary20170726a.htm,
2017-09-20,2017-09-20,False,hold,0,,1.0,1.25,0,,Yellen,https://www.federalreserve.gov/newsevents/pressreleases/monetary20170920a.htm,
2017-11-01,2017-11-01,False,hold,0,,1.0,1.25,0,,Yellen,https://www.federalreserve.gov/newsevents/pressreleases/monetary20171101a.htm,
2017-12-13,2017-12-13,False,hike,25,,1.25,1.5,2,Charles L. Evans;Neel Kashkari,Yellen,https://www.federalreserve.gov/newsevents/pressreleases/monetary20171213a.htm,
2018-01-31,2018-01-31,False,hold,0,,1.25,1.5,0,,Yellen,https://www.federalreserve.gov/newsevents/pressreleases/monetary20180131a.htm,
2018-03-21,2018-03-21,False,hike,25,,1.5,1.75,0,,Powell,https://www.federalreserve.gov/newsevents/pressreleases/monetary20180321a.htm,
2018-05-02,2018-05-02,False,hold,0,,1.5,1.75,0,,Powell,https://www.federalreserve.gov/newsevents/pressreleases/monetary20180502a.htm,
2018-06-13,2018-06-13,False,hike,25,,1.75,2.0,0,,Powell,https://www.federalreserve.gov/newsevents/pressreleases/monetary20180613a.htm,
2018-08-01,2018-08-01,False,hold,0,,1.75,2.0,0,,Powell,https://www.federalreserve.gov/newsevents/pressreleases/monetary20180801a.htm,
2018-09-26,2018-09-26,False,hike,25,,2.0,2.25,0,,Powell,https://www.federalreserve.gov/newsevents/pressreleases/monetary20180926a.htm,
2018-11-08,2018-11-08,False,hold,0,,2.0,2.25,0,,Powell,https://www.federalreserve.gov/newsevents/pressreleases/monetary20181108a.htm,
2018-12-19,2018-12-19,False,hike,25,,2.25,2.5,0,,Powell,https://www.federalreserve.gov/newsevents/pressreleases/monetary20181219a.htm,
2019-01-30,2019-01-30,False,hold,0,,2.25,2.5,0,,Powell,https://www.federalreserve.gov/newsevents/pressreleases/monetary20190130a.htm,
2019-03-20,2019-03-20,False,hold,0,,2.25,2.5,0,,Powell,https://www.federalreserve.gov/newsevents/pressreleases/monetary20190320a.htm,
2019-05-01,2019-05-01,False,hold,0,,2.25,2.5,0,,Powell,https://www.federalreserve.gov/newsevents/pressreleases/monetary20190501a.htm,
2019-06-19,2019-06-19,False,hold,0,,2.25,2.5,1,James Bullard,Powell,https://www.federalreserve.gov/newsevents/pressreleases/monetary20190619a.htm,
2019-07-31,2019-07-31,False,cut,-25,,2.0,2.25,2,Esther L. George;Eric S. Rosengren,Powell,https://www.federalreserve.gov/newsevents/pressreleases/monetary20190731a.htm,
2019-09-18,2019-09-18,False,cut,-25,,1.75,2.0,3,James Bullard;Esther L. George;Eric S. Rosengren,Powell,https://www.federalreserve.gov/newsevents/pressreleases/monetary20190918a.htm,
2019-10-30,2019-10-30,False,cut,-25,,1.5,1.75,2,Esther L. George;Eric S. Rosengren,Powell,https://www.federalreserve.gov/newsevents/pressreleases/monetary20191030a.htm,
2019-12-11,2019-12-11,False,hold,0,,1.5,1.75,0,,Powell,https://www.federalreserve.gov/newsevents/pressreleases/monetary20191211a.htm,
2020-01-29,2020-01-29,False,hold,0,,1.5,1.75,0,,Powell,https://www.federalreserve.gov/newsevents/pressreleases/monetary20200129a.htm,
2020-03-03,2020-03-03,True,cut,-50,,1.0,1.25,0,,Powell,https://www.federalreserve.gov/newsevents/pressreleases/monetary20200303a.htm,
2020-03-15,2020-03-15,True,cut,-100,,0.0,0.25,1,Loretta J. Mester,Powell,https://www.federalreserve.gov/newsevents/pressreleases/monetary20200315a.htm,
2020-04-29,2020-04-29,False,hold,0,,0.0,0.25,0,,Powell,https://www.federalreserve.gov/newsevents/pressreleases/monetary20200429a.htm,
2020-06-10,2020-06-10,False,hold,0,,0.0,0.25,0,,Powell,https://www.federalreserve.gov/newsevents/pressreleases/monetary20200610a.htm,
2020-07-29,2020-07-29,False,hold,0,,0.0,0.25,0,,Powell,https://www.federalreserve.gov/newsevents/pressreleases/monetary20200729a.htm,
2020-09-16,2020-09-16,False,hold,0,,0.0,0.25,2,Robert S. Kaplan;Neel Kashkari,Powell,https://www.federalreserve.gov/newsevents/pressreleases/monetary20200916a.htm,
2020-11-05,2020-11-05,False,hold,0,,0.0,0.25,0,,Powell,https://www.federalreserve.gov/newsevents/pressreleases/monetary20201105a.htm,
2020-12-16,2020-12-16,False,hold,0,,0.0,0.25,0,,Powell,https://www.federalreserve.gov/newsevents/pressreleases/monetary20201216a.htm,
2021-01-27,2021-01-27,False,hold,0,,0.0,0.25,0,,Powell,https://www.federalreserve.gov/newsevents/pressreleases/monetary20210127a.htm,
2021-03-17,2021-03-17,False,hold,0,,0.0,0.25,0,,Powell,https://www.federalreserve.gov/newsevents/pressreleases/monetary20210317a.htm,
2021-04-28,2021-04-28,False,hold,0,,0.0,0.25,0,,Powell,https://www.federalreserve.gov/newsevents/pressreleases/monetary20210428a.htm,
2021-06-16,2021-06-16,False,hold,0,,0.0,0.25,0,,Powell,https://www.federalreserve.gov/newsevents/pressreleases/monetary20210616a.htm,
2021-07-28,2021-07-28,False,hold,0,,0.0,0.25,0,,Powell,https://www.federalreserve.gov/newsevents/pressreleases/monetary20210728a.htm,
2021-09-22,2021-09-22,False,hold,0,,0.0,0.25,0,,Powell,https://www.federalreserve.gov/newsevents/pressreleases/monetary20210922a.htm,
2021-11-03,2021-11-03,False,hold,0,,0.0,0.25,0,,Powell,https://www.federalreserve.gov/newsevents/pressreleases/monetary20211103a.htm,
2021-12-15,2021-12-15,False,hold,0,,0.0,0.25,0,,Powell,https://www.federalreserve.gov/newsevents/pressreleases/monetary20211215a.htm,
2022-01-26,2022-01-26,False,hold,0,,0.0,0.25,0,,Powell,https://www.federalreserve.gov/newsevents/pressreleases/monetary20220126a.htm,
2022-03-16,2022-03-16,False,hike,25,,0.25,0.5,1,James Bullard,Powell,https://www.federalreserve.gov/newsevents/pressreleases/monetary20220316a.htm,
2022-05-04,2022-05-04,False,hike,50,,0.75,1.0,0,,Powell,https://www.federalreserve.gov/newsevents/pressreleases/monetary20220504a.htm,
2022-06-15,2022-06-15,False,hike,75,,1.5,1.75,1,Esther L. George,Powell,https://www.federalreserve.gov/newsevents/pressreleases/monetary20220615a.htm,
2022-07-27,2022-07-27,False,hike,75,,2.25,2.5,0,,Powell,https://www.federalreserve.gov/newsevents/pressreleases/monetary20220727a.htm,
2022-09-21,2022-09-21,False,hike,75,,3.0,3.25,0,,Powell,https://www.federalreserve.gov/newsevents/pressreleases/monetary20220921a.htm,
2022-11-02,2022-11-02,False,hike,75,,3.75,4.0,0,,Powell,https://www.federalreserve.gov/newsevents/pressreleases/monetary20221102a.htm,
2022-12-14,2022-12-14,False,hike,50,,4.25,4.5,0,,Powell,https://www.federalreserve.gov/newsevents/pressreleases/monetary20221214a.htm,
2023-02-01,2023-02-01,False,hike,25,,4.5,4.75,0,,Powell,https://www.federalreserve.gov/newsevents/pressreleases/monetary20230201a.htm,
2023-03-22,2023-03-22,False,hike,25,,4.75,5.0,0,,Powell,https://www.federalreserve.gov/newsevents/pressreleases/monetary20230322a.htm,
2023-05-03,2023-05-03,False,hike,25,,5.0,5.25,0,,Powell,https://www.federalreserve.gov/newsevents/pressreleases/monetary20230503a.htm,
2023-06-14,2023-06-14,False,hold,0,,5.0,5.25,0,,Powell,https://www.federalreserve.gov/newsevents/pressreleases/monetary20230614a.htm,
2023-07-26,2023-07-26,False,hike,25,,5.25,5.5,0,,Powell,https://www.federalreserve.gov/newsevents/pressreleases/monetary20230726a.htm,
2023-09-20,2023-09-20,False,hold,0,,5.25,5.5,0,,Powell,https://www.federalreserve.gov/newsevents/pressreleases/monetary20230920a.htm,
2023-11-01,2023-11-01,False,hold,0,,5.25,5.5,0,,Powell,https://www.federalreserve.gov/newsevents/pressreleases/monetary20231101a.htm,
2023-12-13,2023-12-13,False,hold,0,,5.25,5.5,0,,Powell,https://www.federalreserve.gov/newsevents/pressreleases/monetary20231213a.htm,
2024-01-31,2024-01-31,False,hold,0,,5.25,5.5,0,,Powell,https://www.federalreserve.gov/newsevents/pressreleases/monetary20240131a.htm,
2024-03-20,2024-03-20,False,hold,0,,5.25,5.5,0,,Powell,https://www.federalreserve.gov/newsevents/pressreleases/monetary20240320a.htm,
2024-05-01,2024-05-01,False,hold,0,,5.25,5.5,0,,Powell,https://www.federalreserve.gov/newsevents/pressreleases/monetary20240501a.htm,
2024-06-12,2024-06-12,False,hold,0,,5.25,5.5,0,,Powell,https://www.federalreserve.gov/newsevents/pressreleases/monetary20240612a.htm,
2024-07-31,2024-07-31,False,hold,0,,5.25,5.5,0,,Powell,https://www.federalreserve.gov/newsevents/pressreleases/monetary20240731a.htm,
2024-09-18,2024-09-18,False,cut,-50,,4.75,5.0,1,Michelle W. Bowman,Powell,https://www.federalreserve.gov/newsevents/pressreleases/monetary20240918a.htm,
2024-11-07,2024-11-07,False,cut,-25,,4.5,4.75,0,,Powell,https://www.federalreserve.gov/newsevents/pressreleases/monetary20241107a.htm,
2024-12-18,2024-12-18,False,cut,-25,,4.25,4.5,1,Beth M. Hammack,Powell,https://www.federalreserve.gov/newsevents/pressreleases/monetary20241218a.htm,
2025-01-29,2025-01-29,False,hold,0,,4.25,4.5,0,,Powell,https://www.federalreserve.gov/newsevents/pressreleases/monetary20250129a.htm,
2025-03-19,2025-03-19,False,hold,0,,4.25,4.5,1,Christopher J. Waller,Powell,https://www.federalreserve.gov/newsevents/pressreleases/monetary20250319a.htm,
2025-05-07,2025-05-07,False,hold,0,,4.25,4.5,0,,Powell,https://www.federalreserve.gov/newsevents/pressreleases/monetary20250507a.htm,
2025-06-18,2025-06-18,False,hold,0,,4.25,4.5,0,,Powell,https://www.federalreserve.gov/newsevents/pressreleases/monetary20250618a.htm,
2025-07-30,2025-07-30,False,hold,0,,4.25,4.5,2,Michelle W. Bowman;Christopher J. Waller,Powell,https://www.federalreserve.gov/newsevents/pressreleases/monetary20250730a.htm,
2025-09-17,2025-09-17,False,cut,-25,,4.0,4.25,1,Stephen I. Miran,Powell,https://www.federalreserve.gov/newsevents/pressreleases/monetary20250917a.htm,
2025-10-29,2025-10-29,False,cut,-25,,3.75,4.0,2,Stephen I. Miran;Jeffrey R. Schmid,Powell,https://www.federalreserve.gov/newsevents/pressreleases/monetary20251029a.htm,
2025-12-10,2025-12-10,False,cut,-25,,3.5,3.75,3,Stephen I. Miran;Austan D. Goolsbee;Jeffrey R. Schmid,Powell,https://www.federalreserve.gov/newsevents/pressreleases/monetary20251210a.htm,
2026-01-28,2026-01-28,False,hold,0,,3.5,3.75,2,Stephen I. Miran;Christopher J. Waller,Powell,https://www.federalreserve.gov/newsevents/pressreleases/monetary20260128a.htm,
2026-03-18,2026-03-18,False,hold,0,,3.5,3.75,1,Stephen I. Miran,Powell,https://www.federalreserve.gov/newsevents/pressreleases/monetary20260318a.htm,
2026-04-29,2026-04-29,False,hold,0,,3.5,3.75,4,Stephen I. Miran;Beth M. Hammack;Neel Kashkari;Lorie K. Logan,Powell,https://www.federalreserve.gov/newsevents/pressreleases/monetary20260429a.htm,
2026-06-17,2026-06-17,False,hold,0,,3.5,3.75,,,Warsh,https://www.federalreserve.gov/newsevents/pressreleases/monetary20260617a.htm,
2026-07-29,2026-07-29,False,hold,0,,3.5,3.75,3,Beth M. Hammack;Neel Kashkari;Lorie K. Logan,Warsh,https://www.federalreserve.gov/newsevents/pressreleases/monetary20260729a.htm,
2026-09-16,2026-09-16,False,hike,25,,3.75,4.0,,,Warsh,https://www.federalreserve.gov/newsevents/pressreleases/monetary20260916a.htm,
